{
    "neoforge:conditions": [
        {
            "type": "neoforge:mod_loaded",
            "modid": "ars_nouveau"
        }
    ],
    "entity": "ars_nouveau:wilden_hunter",
    "variants": [
        "ars_nouveau:wilden_stalker",
        "ars_nouveau:wilden_guardian"
    ],
    "name": {
        "translate": "name.hostilenetworks.ars_wilden",
        "color": "#55FF55"
    },
    "display": {},
    "sim_cost": 256,
    "input": {
        "item": "hostilenetworks:prediction_matrix"
    },
    "base_drop": {
        "id": "hostilenetworks:overworld_prediction",
        "count": 1
    },
    "trivia": "hostilenetworks.trivia.ars_wilden",
    "fabricator_drops": [
        {
            "id": "ars_nouveau:wilden_horn",
            "count": 16
        },
        {
            "id": "ars_nouveau:wilden_spike",
            "count": 16
        },
        {
            "id": "ars_nouveau:wilden_wing",
            "count": 16
        },
        {
            "optional": true,
            "id": "hexerei:animal_fat",
            "count": 32
        }
    ]
}