{
    "neoforge:conditions": [
        {
            "type": "neoforge:mod_loaded",
            "modid": "twilightforest"
        }
    ],
    "entity": "twilightforest:fire_beetle",
    "name": {
        "translate": "entity.twilightforest.fire_beetle",
        "color": "#CC7526"
    },
    "sim_cost": 512,
    "input": {
        "item": "hostilenetworks:prediction_matrix"
    },
    "base_drop": {
        "id": "hostilenetworks:twilight_prediction",
        "count": 1
    },
    "trivia": "hostilenetworks.trivia.fire_beetle",
    "fabricator_drops": [
        {
            "id": "minecraft:gunpowder",
            "count": 32
        },
        {
            "optional": true,
            "id": "reliquary:catalyzing_gland",
            "count": 2
        },
        {
            "optional": true,
            "id": "savage_and_ravage:creeper_spores",
            "count": 2
        }
    ]
}