{
    "neoforge:conditions": [
        {
            "type": "neoforge:mod_loaded",
            "modid": "twilightforest"
        }
    ],
    "entity": "twilightforest:minoshroom",
    "name": {
        "translate": "entity.twilightforest.minoshroom",
        "color": "#A81012"
    },
    "sim_cost": 2560,
    "input": {
        "item": "hostilenetworks:prediction_matrix"
    },
    "base_drop": {
        "id": "hostilenetworks:twilight_prediction",
        "count": 1
    },
    "trivia": "hostilenetworks.trivia.minoshroom",
    "fabricator_drops": [
        {
            "id": "twilightforest:meef_stroganoff",
            "count": 16
        },
        {
            "id": "twilightforest:minoshroom_trophy",
            "count": 4
        },
        {
            "id": "twilightforest:diamond_minotaur_axe",
            "count": 1
        },
        {
            "optional": true,
            "id": "hexerei:animal_fat",
            "count": 24
        }
    ]
}