{
    "neoforge:conditions": [
        {
            "type": "neoforge:mod_loaded",
            "modid": "eternal_starlight"
        }
    ],
    "entity": "eternal_starlight:creteor",
	"variants": [
		"eternal_starlight:tiny_creteor"
	],
    "name": {
        "translate": "entity.eternal_starlight.creteor",
        "color": "#883E9D"
    },
    "sim_cost": 256,
    "input": {
        "item": "hostilenetworks:prediction_matrix"
    },
    "base_drop": {
        "id": "hostilenetworks:overworld_prediction"
    },
	"trivia": "custom.trivia.creteor",
    "fabricator_drops": [
		{
            "id": "eternal_starlight:creteor_hide",
            "count": 8
        },
		{
            "id": "eternal_starlight:raw_aethersent",
            "count": 4
        }
    ]
}