{
    "neoforge:conditions": [
        {
            "type": "neoforge:mod_loaded",
            "modid": "eternal_starlight"
        }
    ],
    "entity": "eternal_starlight:shadow_snail",
    "name": {
        "translate": "entity.eternal_starlight.shadow_snail",
        "color": "#2E2643"
    },
    "sim_cost": 64,
    "input": {
        "item": "hostilenetworks:prediction_matrix"
    },
    "base_drop": {
        "id": "hostilenetworks:overworld_prediction"
    },
	"trivia": "custom.trivia.shadow_snail",
    "fabricator_drops": [
		{
            "id": "eternal_starlight:shadow_snail_shell",
            "count": 8
        },
		{
            "id": "eternal_starlight:shadow_snail_meat",
            "count": 8
        }
    ]
}