{
    "neoforge:conditions": [
        {
            "type": "neoforge:mod_loaded",
            "modid": "aquatic_frontiers"
        }
    ],
    "entity": "aquatic_frontiers:spongesquid",
    "name": {
        "translate": "entity.aquatic_frontiers.spongesquid",
        "color": "#BFBA4D"
    },
    "sim_cost": 48,
    "input": {
        "item": "hostilenetworks:prediction_matrix"
    },
    "base_drop": {
        "id": "hostilenetworks:overworld_prediction"
    },
    "trivia": "custom.trivia.sponge_squid",
    "fabricator_drops": [
        {
            "id": "minecraft:wet_sponge",
            "count": 8
        },
        {
            "id": "minecraft:ink_sac",
            "count": 24
        },
        {
            "optional": true,
            "id": "croptopia:calamari",
            "count": 16
        },
        {
            "optional": true,
            "id": "reliquary:squid_beak",
            "count": 1
        }
    ]
}