{
    "neoforge:conditions": [
        {
            "type": "neoforge:mod_loaded",
            "modid": "galosphere"
        }
    ],
    "entity": "galosphere:berserker",
    "name": {
        "translate": "entity.galosphere.berserker",
        "color": "#D77E66"
    },
    "display": {
        "scale": 0.7
    },
    "sim_cost": 512,
    "input": {
        "item": "hostilenetworks:prediction_matrix"
    },
    "base_drop": {
        "id": "hostilenetworks:overworld_prediction"
    },
    "trivia": "custom.trivia.berserker",
    "fabricator_drops": [
        {
            "id": "galosphere:pink_salt_shard",
            "count": 64
        }
    ],
    "tier_data": {
        "basic": 96,
        "advanced": 384,
        "superior": 1536,
        "self_aware": 6144
    },
    "data_per_kill": {
        "faulty": 24,
        "basic": 48,
        "advanced": 96,
        "superior": 192
    }
}