{
    "neoforge:conditions": [
        {
            "type": "neoforge:mod_loaded",
            "modid": "cataclysm"
		}
    ],
    "entity": "cataclysm:coralssus",
    "name": {
        "translate": "entity.cataclysm.coralssus",
        "color": "#2042A1"
    },
	"display": {
        "scale": 0.4
    },
    "sim_cost": 288,
    "input": {
        "item": "hostilenetworks:prediction_matrix"
    },
    "base_drop": {
        "id": "hostilenetworks:overworld_prediction"
    },
    "trivia": "custom.trivia.coralssus",
    "fabricator_drops": [
		{
            "id": "cataclysm:coral_chunk",
            "count": 1
        }
    ],
    "tier_data": {
        "basic": 96,
        "advanced": 384,
        "superior": 1536,
        "self_aware": 6144
    },
    "data_per_kill": {
        "faulty": 24,
        "basic": 48,
        "advanced": 96,
        "superior": 192
    }
}