{
    "neoforge:conditions": [
        {
            "type": "neoforge:mod_loaded",
            "modid": "cataclysm"
		}
    ],
    "entity": "cataclysm:deepling",
    "variants": [
		"cataclysm:deepling_angler",
		"cataclysm:deepling_brute",
		"cataclysm:deepling_priest",
		"cataclysm:deepling_warlock"
	],
    "name": {
        "translate": "entity.cataclysm.deepling",
        "color": "#172431"
    },
	"display": {
        "scale": 0.78
    },
    "sim_cost": 128,
    "input": {
        "item": "hostilenetworks:prediction_matrix"
    },
    "base_drop": {
        "id": "hostilenetworks:overworld_prediction"
    },
    "trivia": "custom.trivia.deepling",
    "fabricator_drops": [
        {
            "id": "minecraft:nautilus_shell",
            "count": 4
        }
    ],
    "tier_data": {
        "basic": 96,
        "advanced": 384,
        "superior": 1536,
        "self_aware": 6144
    },
    "data_per_kill": {
        "faulty": 24,
        "basic": 48,
        "advanced": 96,
        "superior": 192
    }
}