{
    "neoforge:conditions": [
        {
            "type": "neoforge:mod_loaded",
            "modid": "cataclysm"
		}
    ],
    "entity": "cataclysm:netherite_monstrosity",
    "name": {
        "translate": "entity.cataclysm.netherite_monstrosity",
        "color": "#945B00"
    },
	"display": {
        "scale": 0.2
    },
    "sim_cost": 2560,
    "input": {
        "item": "hostilenetworks:prediction_matrix"
    },
    "base_drop": {
        "id": "hostilenetworks:nether_prediction"
    },
    "trivia": "custom.trivia.netherite_monstrosity",
    "fabricator_drops": [
        {
            "id": "cataclysm:monstrous_horn",
            "count": 2
        },
		{
            "id": "cataclysm:lava_power_cell",
            "count": 32
        }
    ],
    "tier_data": {
        "basic": 128,
        "advanced": 1024,
        "superior": 4096,
        "self_aware": 16384
    },
    "data_per_kill": {
        "faulty": 128,
        "basic": 512,
        "advanced": 1024,
        "superior": 2048
    }
}