{
    "neoforge:conditions": [
        {
            "type": "neoforge:mod_loaded",
            "modid": "cataclysm"
		}
    ],
    "entity": "cataclysm:wadjet",
    "name": {
        "translate": "entity.cataclysm.wadjet",
        "color": "#5F502E"
    },
	"display": {
        "scale": 0.6
    },
    "sim_cost": 288,
    "input": {
        "item": "hostilenetworks:prediction_matrix"
    },
    "base_drop": {
        "id": "hostilenetworks:nether_prediction"
    },
    "trivia": "custom.trivia.wadjet",
    "fabricator_drops": [
        {
            "id": "cataclysm:ancient_metal_ingot",
            "count": 8
        }
	],
    "tier_data": {
        "basic": 96,
        "advanced": 384,
        "superior": 1536,
        "self_aware": 6144
    },
    "data_per_kill": {
        "faulty": 24,
        "basic": 48,
        "advanced": 96,
        "superior": 192
    }
}