{
    "neoforge:conditions": [
        {
            "type": "neoforge:mod_loaded",
            "modid": "bosses_of_mass_destruction"
        }
    ],
    "entity": "bosses_of_mass_destruction:gauntlet",
    "name": {
        "translate": "entity.bosses_of_mass_destruction.gauntlet",
        "color": "#B22222"
    },
    "display": {
        "scale": 0.5
    },
    "sim_cost": 2560,
    "input": {
        "item": "hostilenetworks:prediction_matrix"
    },
    "base_drop": {
        "id": "hostilenetworks:nether_prediction"
    },
	"trivia": "custom.trivia.nether_gauntlet",
    "fabricator_drops": [
		{
            "id": "bosses_of_mass_destruction:blazing_eye",
            "count": 1
        },
		{
            "id": "minecraft:ancient_debris",
            "count": 16
        }
    ],
	"tier_data": {
        "basic": 128,
        "advanced": 1024,
        "superior": 4096,
        "self_aware": 16384
    },
    "data_per_kill": {
        "faulty": 128,
        "basic": 512,
        "advanced": 1024,
        "superior": 2048
    }
}