{
    "neoforge:conditions": [
        {
            "type": "neoforge:mod_loaded",
            "modid": "bosses_of_mass_destruction"
        }
    ],
    "entity": "bosses_of_mass_destruction:lich",
    "name": {
        "translate": "entity.bosses_of_mass_destruction.lich",
        "color": "#C0C0C0"
    },
    "display": {
        "scale": 0.7
    },
    "sim_cost": 2560,
    "input": {
        "item": "hostilenetworks:prediction_matrix"
    },
    "base_drop": {
        "id": "hostilenetworks:overworld_prediction"
    },
	"trivia": "custom.trivia.night_lich",
    "fabricator_drops": [
		{
            "id": "bosses_of_mass_destruction:ancient_anima",
            "count": 1
        },
		{
            "id": "minecraft:diamond",
            "count": 8
        },
		{
            "id": "minecraft:bone",
            "count": 128
        }
    ],
	"tier_data": {
        "basic": 128,
        "advanced": 1024,
        "superior": 4096,
        "self_aware": 16384
    },
    "data_per_kill": {
        "faulty": 128,
        "basic": 512,
        "advanced": 1024,
        "superior": 2048
    }
}