{
    "neoforge:conditions": [
        {
            "type": "neoforge:mod_loaded",
            "modid": "bosses_of_mass_destruction"
        }
    ],
    "entity": "bosses_of_mass_destruction:obsidilith",
    "name": {
        "translate": "entity.bosses_of_mass_destruction.obsidilith",
        "color": "#32174D"
    },
    "display": {
        "scale": 0.48
    },
    "sim_cost": 2560,
    "input": {
        "item": "hostilenetworks:prediction_matrix"
    },
    "base_drop": {
        "id": "hostilenetworks:end_prediction"
    },
	"trivia": "custom.trivia.obsidilith",
    "fabricator_drops": [
		{
            "id": "bosses_of_mass_destruction:obsidian_heart",
            "count": 1
        },
		{
            "id": "minecraft:obsidian",
            "count": 16
        },
		{
            "id": "minecraft:diamond",
            "count": 8
        }
    ],
	"tier_data": {
        "basic": 128,
        "advanced": 1024,
        "superior": 4096,
        "self_aware": 16384
    },
    "data_per_kill": {
        "faulty": 128,
        "basic": 512,
        "advanced": 1024,
        "superior": 2048
    }
}