{
    "neoforge:conditions": [
        {
            "type": "neoforge:mod_loaded",
            "modid": "bosses_of_mass_destruction"
        }
    ],
    "entity": "bosses_of_mass_destruction:void_blossom",
    "name": {
        "translate": "entity.bosses_of_mass_destruction.void_blossom",
        "color": "#BA55D3"
    },
    "display": {
        "scale": 0.25
    },
    "sim_cost": 2560,
    "input": {
        "item": "hostilenetworks:prediction_matrix"
    },
    "base_drop": {
        "id": "hostilenetworks:overworld_prediction"
    },
	"trivia": "custom.trivia.void_blossom",
    "fabricator_drops": [
		{
            "id": "bosses_of_mass_destruction:void_thorn",
            "count": 1
        },
		{
            "id": "bosses_of_mass_destruction:crystal_fruit",
            "count": 8
        }
    ],
	"tier_data": {
        "basic": 128,
        "advanced": 1024,
        "superior": 4096,
        "self_aware": 16384
    },
    "data_per_kill": {
        "faulty": 128,
        "basic": 512,
        "advanced": 1024,
        "superior": 2048
    }
}