{
    "entity": "minecraft:ghast",
    "variants": [
		"occultism:possessed_ghast",
        "twilightforest:carminite_ghastguard",
        "twilightforest:carminite_ghastling"
    ],
    "name": {
        "translate": "entity.minecraft.ghast",
        "color": "#F0F0F0"
    },
    "display": {
        "y_offset": 4,
        "scale": 0.25
    },
    "sim_cost": 256,
    "input": {
        "item": "hostilenetworks:prediction_matrix"
    },
    "base_drop": {
        "id": "hostilenetworks:nether_prediction"
    },
    "trivia": "hostilenetworks.trivia.ghast",
    "fabricator_drops": [
        {
            "id": "minecraft:ghast_tear",
            "count": 16
        },
        {
            "id": "minecraft:gunpowder",
            "count": 32
        },
        {
            "id": "reliquary:catalyzing_gland",
            "optional": true,
            "count": 2
        }
    ]
}