{
    "entity": "minecraft:guardian",
    "variants": [
		"occultism:possessed_guardian"
	],
    "name": {
        "translate": "entity.minecraft.guardian",
        "color": "#6A9583"
    },
    "sim_cost": 256,
    "input": {
        "item": "hostilenetworks:prediction_matrix"
    },
    "base_drop": {
        "id": "hostilenetworks:overworld_prediction"
    },
    "trivia": "hostilenetworks.trivia.guardian",
    "fabricator_drops": [
        {
            "id": "minecraft:cod",
            "count": 24
        },
        {
            "id": "minecraft:prismarine_crystals",
            "count": 16
        },
        {
			"optional": true,
            "id": "upgrade_aquatic:pike",
            "count": 2
        },
        {
			"optional": true,
            "id": "upgrade_aquatic:perch",
            "count": 2
        },
        {
			"optional": true,
            "id": "upgrade_aquatic:lionfish",
            "count": 2
        },
        {
            "optional": true,
            "id": "reliquary:guardian_spike",
            "count": 2
        }
    ]
}