{
    "entity": "minecraft:phantom",
    "variants": [
		"occultism:possessed_phantom",
		"upgrade_aquatic:flare"
	],
    "name": {
        "translate": "entity.minecraft.phantom",
        "color": "#0AB405"
    },
    "sim_cost": 128,
    "input": {
        "item": "hostilenetworks:prediction_matrix"
    },
    "base_drop": {
        "id": "hostilenetworks:overworld_prediction"
    },
    "trivia": "hostilenetworks.trivia.phantom",
    "fabricator_drops": [
        {
            "id": "minecraft:phantom_membrane",
            "count": 8
        }
    ]
}