{
    "entity": "minecraft:sheep",
    "variants": [
        "ad_astra:glacian_ram",
        "twilightforest:bighorn_sheep"
    ],
    "name": {
        "translate": "entity.minecraft.sheep",
        "color": "rainbow"
    },
    "display": {
        "scale": 0.99,
        "nbt": {
            "CustomName": "{\"text\":\"jeb_\"}"
        }
    },
    "sim_cost": 64,
    "input": {
        "item": "hostilenetworks:prediction_matrix"
    },
    "base_drop": {
        "id": "hostilenetworks:overworld_prediction",
        "count": 1
    },
    "trivia": "hostilenetworks.trivia.sheep",
    "fabricator_drops": [
        {
            "id": "minecraft:white_wool",
            "count": 32
        },
        {
            "id": "minecraft:orange_wool",
            "count": 32
        },
        {
            "id": "minecraft:magenta_wool",
            "count": 32
        },
        {
            "id": "minecraft:light_blue_wool",
            "count": 32
        },
        {
            "id": "minecraft:yellow_wool",
            "count": 32
        },
        {
            "id": "minecraft:lime_wool",
            "count": 32
        },
        {
            "id": "minecraft:pink_wool",
            "count": 32
        },
        {
            "id": "minecraft:gray_wool",
            "count": 32
        },
        {
            "id": "minecraft:light_gray_wool",
            "count": 32
        },
        {
            "id": "minecraft:cyan_wool",
            "count": 32
        },
        {
            "id": "minecraft:purple_wool",
            "count": 32
        },
        {
            "id": "minecraft:blue_wool",
            "count": 32
        },
        {
            "id": "minecraft:brown_wool",
            "count": 32
        },
        {
            "id": "minecraft:green_wool",
            "count": 32
        },
        {
            "id": "minecraft:red_wool",
            "count": 32
        },
        {
            "id": "minecraft:black_wool",
            "count": 32
        },
        {
            "id": "minecraft:mutton",
            "count": 32
        },
        {
            "optional": true,
            "id": "hexerei:animal_fat",
            "count": 16
        },
        {
            "optional": true,
            "id": "potionsmaster:bezoar",
            "count": 16
        }
    ]
}