{
    "entity": "minecraft:spider",
    "variants": [
        "minecraft:cave_spider",
        "neapolitan:plantain_spider",
		"occultism:possessed_spider",
		"occultism:possessed_cave_spider",
        "twilightforest:hedge_spider",
        "twilightforest:king_spider",
        "twilightforest:swarm_spider",
        "twilightforest:carminite_broodling"
    ],
    "name": {
        "translate": "entity.minecraft.spider",
        "color": "#322B26"
    },
    "sim_cost": 128,
    "input": {
        "item": "hostilenetworks:prediction_matrix"
    },
    "base_drop": {
        "id": "hostilenetworks:overworld_prediction"
    },
    "trivia": "hostilenetworks.trivia.spider",
    "fabricator_drops": [
        {
            "id": "minecraft:string",
            "count": 32
        },
        {
            "id": "minecraft:spider_eye",
            "count": 16
        },
        {
            "id": "minecraft:cobweb",
            "count": 4
        },
        {
            "optional": true,
            "id": "biomesoplenty:spider_egg",
            "count": 16
        },
        {
            "optional": true,
            "id": "silentgear:fine_silk",
            "count": 3
        },
        {
            "optional": true,
            "id": "reliquary:chelicerae",
            "count": 2
        }
    ]
}