{
    "entity": "minecraft:witch",
    "variants": [
		"occultism:possessed_witch"
	],
    "name": {
        "translate": "entity.minecraft.witch",
        "color": "#361758"
    },
    "display": {
        "scale": 0.8
    },
    "sim_cost": 256,
    "input": {
        "item": "hostilenetworks:prediction_matrix"
    },
    "base_drop": {
        "id": "hostilenetworks:overworld_prediction"
    },
    "trivia": "hostilenetworks.trivia.witch",
    "fabricator_drops": [
        {
            "id": "minecraft:redstone",
            "count": 16
        },
        {
            "id": "minecraft:glowstone_dust",
            "count": 16
        },
        {
            "id": "minecraft:sugar",
            "count": 32
        },
        {
            "id": "minecraft:stick",
            "count": 32
        },
        {
            "id": "minecraft:spider_eye",
            "count": 16
        },
        {
            "id": "minecraft:glass_bottle",
            "count": 16
        },
        {
            "id": "reliquary:witch_hat",
            "optional": true,
            "count": 2
        }
    ]
}