{
	"entity": "minecraft:wither_skeleton",
    "variants": [
		"occultism:wild_hunt_wither_skeleton",
		"mekanismadditions:baby_wither_skeleton"
    ],
	"name": {
		"translate": "entity.minecraft.wither_skeleton",
		"color": "#343434"
	},
	"display": {
		"scale": 0.85
	},
	"sim_cost": 768,
	"input": {
		"item": "hostilenetworks:prediction_matrix"
	},
	"base_drop": {
		"id": "hostilenetworks:nether_prediction"
	},
	"trivia": "hostilenetworks.trivia.wither_skeleton",
	"fabricator_drops": [
		{
			"id": "minecraft:bone",
			"count": 24
		},
		{
			"id": "minecraft:coal",
			"count": 32
		},
		{
			"id": "minecraft:wither_skeleton_skull",
			"count": 3
		},
		{
			"optional": true,
			"id": "reliquary:withered_rib",
			"count": 2
		},
		{
			"optional": true,
			"id": "wstweaks:fragment",
			"count": 32
		}
	]
}