{
	"entity": "minecraft:zombie",
	"variants": [
		"minecraft:husk",
		"minecraft:zombie_villager",
		"occultism:wild_husk",
		"occultism:wild_horde_husk",
		"twilightforest:rising_zombie"
	],
	"name": {
		"translate": "entity.minecraft.zombie",
		"color": "#3B622F"
	},
	"display": {},
	"sim_cost": 128,
	"input": {
		"item": "hostilenetworks:prediction_matrix"
	},
	"base_drop": {
		"id": "hostilenetworks:overworld_prediction"
	},
	"trivia": "hostilenetworks.trivia.zombie",
	"fabricator_drops": [
        {
			"id": "minecraft:rotten_flesh",
			"count": 64
		},
		{
			"id": "minecraft:iron_ingot",
			"count": 8
		},
		{
			"id": "minecraft:carrot",
			"count": 16
		},
		{
			"id": "minecraft:potato",
			"count": 16
		},
        {
            "id": "minecraft:zombie_head",
            "count": 4
        },
		{
			"optional": true,
			"id": "reliquary:zombie_heart",
			"count": 2
		}
	]
}