{
    "neoforge:conditions": [
        {
            "type": "neoforge:mod_loaded",
            "modid": "occultism"
        }
    ],
    "entity": "occultism:afrit_wild",
    "variants": [
		"occultism:afrit"
	],
    "name": {
        "translate": "entity.occultism.afrit",
        "color": "#AE6800"
    },
    "display": {
        "scale": 0.88
    },
    "sim_cost": 256,
    "input": {
        "item": "hostilenetworks:prediction_matrix"
    },
    "base_drop": {
        "id": "hostilenetworks:overworld_prediction"
    },
    "trivia": "custom.trivia.afrit",
    "fabricator_drops": [
        {
            "id": "occultism:afrit_essence",
            "count": 16
        }
    ]
}