{
    "neoforge:conditions": [
        {
            "type": "neoforge:mod_loaded",
            "modid": "occultism"
        }
    ],
    "entity": "occultism:possessed_endermite",
    "name": {
        "translate": "entity.occultism.possessed_endermite",
        "color": "#3B2B57"
    },
    "display": {
        "scale": 1
    },
    "sim_cost": 64,
    "input": {
        "item": "hostilenetworks:prediction_matrix"
    },
    "base_drop": {
        "id": "hostilenetworks:overworld_prediction"
    },
    "trivia": "custom.trivia.possessed_endermite",
    "fabricator_drops": [
        {
            "id": "minecraft:end_stone",
            "count": 4
        },
        {
            "optional": true,
            "id": "enderzoology:ender_fragment",
            "count": 2
        }
    ]
}